First name,Last name,Email,Address,Phone number,Grade
John,Gardner,ftyler@example.org,"2687 Maria Corners West Johnchester, CO 40311",969-995-6340x3174,65
Brian,Stephens,dwilson@example.org,"383 Wayne Islands Apt. 167 North John, DE 39076",001-426-846-4971x4633,77
Amber,Taylor,tbrady@example.com,"6209 Davis Inlet Apt. 703 Port Mauricetown, VT 01123",670-587-6270,69
Frederick,Davis,barrettbilly@example.com,"825 Hughes Harbors Suite 916 Lake Amandaburgh, OH 77222",738-976-3152x188,66
Kimberly,Elliott,efitzgerald@example.org,"79053 Lisa Village Apt. 589 New Johnny, OH 93153",209-558-9218x3849,93
Kristine,Bell,coxcassandra@example.org,"6377 Kristine Junctions Apt. 988 New Jonathantown, NM 05036",480-988-2841,85
Hannah,Mejia,sean44@example.net,"4567 Courtney Trail West Anthonyland, PA 99562",628-498-0837,74
John,Smith,natalie55@example.com,"8321 Garcia Ranch Suite 000 New Paul, ID 37232",210-445-2967x54473,93
Marcus,Goodman,joseph25@example.net,"107 Nathan Points Apt. 574 Carterburgh, LA 63103",465-847-3801x21096,98
Jennifer,White,danielbutler@example.org,"21600 Baker Hill North Michaelport, NV 47637",315-681-1646x575,80
Julia,Wilson,mallory48@example.net,"65620 Alvarado Radial Apt. 113 Davidsonport, RI 13394",+1-671-818-9064x09903,70
Jordan,Bishop,jesusrogers@example.org,"199 Eric Manor Suite 752 Mosston, AZ 36465",268-713-2040,75
Amy,Johnson,bmedina@example.com,"0550 Jackson Rue Suite 707 Amyland, WY 94402",867-485-6311x833,82
Mark,Lee,andre59@example.com,"2091 Shane Plains Henrybury, WI 47945",443-495-7422,80
Sara,Daniels,christopher10@example.com,"387 Daniel Parks Apt. 414 West Patricia, WI 76326",964-232-0088,80
Tammy,Lewis,jessica15@example.org,"22068 Cisneros Camp Suite 109 Cooperhaven, NE 77770",001-549-760-0748x55194,93
Steven,Johnson,melissa43@example.com,"29978 Jackson Ports Suite 753 Meyersfort, AL 18533",001-924-461-5961x0098,97
Kevin,Fitzgerald,robertdodson@example.net,"4285 Yates Brook Suite 216 North Micheleland, DE 60110",788-872-5146,65
Erin,Higgins,ustanley@example.org,"47718 Warren Knoll Suite 211 Tinastad, WA 23486",001-998-848-2317x781,64
Cynthia,Watson,gainesmeagan@example.org,"018 Mendez Throughway Apt. 909 West Annabury, NV 80163",802-809-9738,87
Scott,Grant,juan56@example.org,"717 Fox Rapid Suite 908 Port Louis, MI 34571",+1-707-760-3383x3292,87
Thomas,Clark,liuclifford@example.org,"0965 Webb Lake Suite 077 Zavalachester, NE 51622",1-226-447-7917,67
William,Mejia,cmorrison@example.org,"878 Anthony Plain East Brandy, SC 37193",577-531-4048,88
Benjamin,Rodriguez,brewercathy@example.net,"404 Dana Mountains Apt. 159 West Charles, WY 82154",593-582-5069,62
Arthur,Moore,joshuabryant@example.com,"3001 Carl Summit West Patrickberg, NJ 93774",230-337-6431,87
Tiffany,Nichols,johnsonwilliam@example.com,"65772 Hall Crescent Apt. 271 New Steven, MI 89081",001-305-443-5387,73
Crystal,Gutierrez,hashley@example.net,"03395 Ebony Key Apt. 964 Lake Andrewbury, LA 04695",+1-968-958-7904x094,92
Kristina,Smith,lawrencejacob@example.org,"2767 Eric Avenue Lake Jasonborough, AR 48157",631-527-8317x91689,75
John,Allen,melissa84@example.com,"33869 Christine Path Apt. 091 Carlsonmouth, SC 27631",001-793-425-4585x10961,97
Kristen,Wheeler,plowe@example.org,"545 Victoria Track Apt. 643 Robinsonburgh, NV 93157",698-335-1644,78
Shawn,Vargas,karenanderson@example.org,"2724 Cooper Locks Suite 391 Gonzalezside, NE 43053",717-254-6606x709,88
Colleen,Wang,xblack@example.com,"780 James Alley Apt. 940 South Suzannebury, PR 97421",001-504-390-7292x7429,65
Daniel,Moore,jacquelinemarshall@example.org,"8646 Deanna Park Anthonystad, PA 90190",811-783-4239x5813,81
Andrew,Webb,micheal54@example.com,"162 Madison Viaduct West Paul, ME 27649",557-277-3669,88
Lynn,Flores,gspencer@example.com,"85988 Lawson Square South Loritown, MA 70778",+1-592-658-1375x3233,67
Aaron,Smith,codyschmidt@example.org,"95307 Stephanie Springs Suite 157 East Kyleshire, UT 24085",+1-261-769-0377x9245,100
Debra,Johnson,jared57@example.net,"4258 Green Locks Colleenmouth, VI 33454",596-562-1221x3179,68
Michael,Brown,chambersjessica@example.net,"57009 Padilla Mountain New Ashley, IN 55729",001-395-676-2353x2136,93
Kevin,Logan,gdavidson@example.net,"4951 Matthew Vista Apt. 530 North April, PR 90170",645-263-9618x57474,83
Timothy,Kramer,curtis65@example.net,"6664 Welch Avenue New Jonathanfort, GA 21703",846-310-5687,91
Haley,Martinez,melanie28@example.com,"310 Michael Motorway Apt. 445 Lake Anneborough, DE 23285",944-668-6667x934,77
Jack,Jones,john00@example.net,"77483 Moran Crest Lake Laura, VI 36925",+1-528-577-6888x6331,72
Andrea,Davis,gibsonderek@example.org,"944 Turner Estate Port Tracy, CO 74105",+1-570-647-1095x1160,83
Jennifer,Lopez,morrisalexis@example.org,"15079 Robert Street Suite 959 South Jesseville, DC 09644",968-238-8730x876,91
Steven,Moore,david06@example.com,"6296 Aaron Park Apt. 307 Hallview, NM 47352",263-407-1531x4887,63
Francisco,Burns,aespinoza@example.com,"046 Jasmine Springs Jenniferborough, CA 71497",686-482-5359x200,79
Joshua,Flores,emily03@example.com,"62502 Evans Highway Apt. 874 Mortonview, WA 75306",+1-649-683-6678x177,80
April,Nguyen,jeremy85@example.org,"507 Janet Viaduct Bryanchester, ID 97493",001-637-678-4252x9150,86
Jacob,Tucker,timothybailey@example.com,"8524 Shane Keys Suite 912 Stefanieshire, GA 35786",939-991-2905x85001,87
Dustin,Stark,gilberttara@example.net,"38363 Garrett Vista Suite 590 Dalefurt, GU 37635",001-974-580-9688x94369,70
April,White,barkerjill@example.com,"285 Carla Tunnel Port Marilynhaven, MH 23352",501-345-0630x582,85
Julie,Hart,philipmullen@example.com,"5778 Sutton Fork West David, AS 38937",585-245-7609x7991,62
Denise,Clark,elliswayne@example.com,"2730 Mary Summit Suite 003 West Levi, TN 50235",782-894-8394x03404,81
Danielle,Bullock,mccallkelly@example.net,"25488 Palmer Dale Apt. 311 Charlesbury, WI 56004",775-485-6221x0312,67
William,Mejia,randolphnorma@example.net,"581 Walters Highway Burkeview, MN 64883",376-767-4135x103,79
Jordan,Rodriguez,robertwalsh@example.org,"8455 Lisa Pass Costaborough, MT 40651",001-245-904-7258x7388,97
Ian,Cook,desiree92@example.net,"9094 Hannah Lodge Suite 977 Lisabury, SC 63258",375-631-3767x073,84
Christina,Oliver,michaelhenry@example.com,"49767 Richard Rapid Bridgesshire, SC 90888",1-600-675-1337,72
James,Mooney,xhenderson@example.org,"443 Brandon Estate Suite 998 East Jeremiah, WA 34636",001-535-255-3729x4065,79
Marcus,Alexander,jorozco@example.net,"31199 Rodgers Skyway Suite 685 New Dannyfort, AS 87947",001-374-911-9315x06440,97
Paul,James,thomas11@example.net,"3345 Eric Valley Susanberg, OR 75993",495-557-2527,64
Amy,Robbins,landrytanya@example.net,"8036 Micheal Prairie Justinchester, WV 03912",001-504-309-7463x63455,85
Terry,Smith,oscarsimpson@example.com,"39460 Jeffrey Fort Apt. 757 West Julie, OK 64682",001-504-407-6851x4891,80
Kevin,Weber,mramirez@example.org,"3893 Ashley Village Matthewborough, AS 20226",+1-760-826-8139x1950,80
Andrew,Cruz,ereynolds@example.net,"740 Carol Coves Howardborough, PR 75413",450-720-2411,86
Patricia,Hurley,tbrown@example.org,"01702 Andrew Lodge East Brandon, AK 07200",274-530-1441,78
Julie,Allen,frank26@example.net,"6491 Bradley Center Apt. 737 Lake Colleenborough, RI 55142",365-752-7322,91
Angela,Woodard,swatts@example.com,"2693 Yesenia Mill Ruizport, RI 26226",+1-684-366-4806x251,69
Chris,Gibson,jacksonduane@example.org,"63218 White Shoals Vancechester, NJ 36062",942-852-5908x16697,76
Jessica,Blackwell,nicholas82@example.org,"2847 Wendy Greens Suite 038 West Susan, IN 90023",203-200-5539,67
Johnny,Kramer,louisbrown@example.net,"9862 Graham Spurs Apt. 756 Obrienhaven, VT 21020",287-521-5732x16599,92
Thomas,Lewis,nfranklin@example.net,"198 Brooke Lake Suite 549 Anthonyland, SD 91254",324-293-5221x4462,95
Kyle,Lee,smithcarolyn@example.com,"91367 Rowland Track Teresaport, AR 12881",001-994-853-1603,88
Michele,Thompson,samuelhendricks@example.net,"5791 Scott Unions Apt. 081 West Leah, OK 58071",001-898-235-5405x12127,85
Justin,Gardner,blankenshipgregory@example.net,"8322 Kari Fords Apt. 522 Port Johnville, MO 07743",227-237-3652x526,91
Michelle,Hansen,elizabeth81@example.net,"149 John Villages Wilcoxberg, NV 43586",+1-767-343-9656x173,88
Sara,Perez,nicole65@example.net,"892 Torres View Suite 852 Kaylatown, MN 05446",752-514-8802x03549,83
Jared,Mercado,aspencer@example.net,"472 Danielle Junctions Apt. 663 Rickymouth, GA 85502",319-783-9123x46490,64
Cindy,Smith,fwilliams@example.com,"216 Linda Port Suite 183 Arthurshire, CT 91022",394-641-9701x844,89
Erin,Smith,angela71@example.org,"65842 Crystal Meadows Suite 300 East Brenda, AK 01734",1-539-679-740,73
Monique,Lee,bmontoya@example.com,"338 Kemp Trafficway Felicialand, NE 43929",865-507-8707x2070,76
Eddie,Allen,mark19@example.net,"08261 Jason View Apt. 006 New Brendaside, AK 49642",001-344-237-3889x88892,76
Sean,Soto,rodgerseric@example.net,"794 Reynolds Stravenue Angelaview, MS 98536",404-716-1224x88133,60
Paul,Parker,curryderek@example.com,"3399 Jacobs Fords Jeremytown, VA 91773",653-884-2353x79085,66
Nicholas,Griffin,jessica31@example.org,"2191 Gonzalez Street Apt. 686 West Nicholasport, AS 49822",412-626-1181x677,81
Derrick,Fleming,kylewade@example.org,"116 Brett Square Apt. 833 Riverafort, OH 04286",495-913-1013x04654,80
Heidi,Hicks,watersrenee@example.net,"10105 Susan Isle Apt. 468 Jennifermouth, AK 89548",280-815-2089x72064,82
William,Leonard,ricky65@example.org,"314 Darrell Fork East Kyle, LA 10562",824-831-9612,80
Joseph,Todd,debraoliver@example.net,"241 Sabrina Stravenue Apt. 901 Hillview, WA 43141",636-458-7852x2693,90
Cameron,Freeman,jwilson@example.org,"940 Thomas Lake Suite 659 Port Stevenshire, GA 39694",958-855-4350x716,79
Richard,White,miguelmedina@example.org,"6069 Justin Mews Apt. 274 Jonathanmouth, PW 96324",001-733-674-2401x298,72
Anthony,Schwartz,allenmary@example.net,"08062 Jennifer Drive Phillipstad, PR 89378",994-977-8968,67
Jessica,Harrison,davisjustin@example.com,"21465 Berry Plains New Carolynfort, GA 21640",+1-267-716-2505x256,72
Alyssa,Morgan,julie78@example.com,"6518 David Trafficway Suite 835 Kennethborough, MD 92816",430-428-0155,100
Chelsea,Crane,jennifer03@example.org,"38014 Tim Haven Suite 915 Port Amymouth, RI 95517",001-760-976-8217x412,97
Charles,Sanders,swoods@example.net,"8539 Kelly Shoals New Derrick, MT 14137",001-497-565-1123,70
Gregory,Parrish,douglasnewton@example.net,"709 Mckinney Cape Apt. 948 Marymouth, PA 99853",621-620-1166,92
Erik,Perry,michaelarnold@example.com,"09328 Taylor Roads Suite 124 New John, ID 22635",+1-327-495-9125x255,74
Jane,Graham,uacevedo@example.net,"13297 Jessica Skyway Taylorview, AS 13725",+1-815-794-7341x3832,69
Stacy,Oneal,amber61@example.net,"938 Susan Loop Jonesbury, KS 38134",798-264-8274,73